Date,ATK,Cases,Cases Area Prison,Cases Imported,Cases Proactive,Cases Walkin,Deaths,Hospitalized,Hospitalized Field,Hospitalized Field HICI,Hospitalized Field Hospitel,Hospitalized Field Other,Hospitalized Hospital,Hospitalized Respirator,Hospitalized Severe,Positive Rate Dash,Recovered,Source Cases,Tests,Vac Given 1 Cum,Vac Given 2 Cum,Vac Given 3 Cum
2020-10-25,,5.0,,,,,0.0,,,,,,,,,,,https://ddc.moph.go.th/covid19-dashboard/index.php?dashboard=main,,,,
2020-10-26,,7.0,,,,,0.0,,,,,,,,,,,https://ddc.moph.go.th/covid19-dashboard/index.php?dashboard=main,,,,
2020-10-27,,3.0,,,,,0.0,,,,,,,,,,,https://ddc.moph.go.th/covid19-dashboard/index.php?dashboard=main,,,,
2020-10-28,,12.0,,,,,0.0,,,,,,,,,,,https://ddc.moph.go.th/covid19-dashboard/index.php?dashboard=main,,,,
2020-10-29,,5.0,,,,,0.0,,,,,,,,,,,https://ddc.moph.go.th/covid19-dashboard/index.php?dashboard=main,,,,
2020-10-30,,12.0,,,,,0.0,,,,,,,,,,,https://ddc.moph.go.th/covid19-dashboard/index.php?dashboard=main,,,,
2020-10-31,,5.0,,,,,0.0,,,,,,,,,,,https://ddc.moph.go.th/covid19-dashboard/index.php?dashboard=main,,,,
2020-11-01,,4.0,,,,,0.0,,,,,,,,,,,https://ddc.moph.go.th/covid19-dashboard/index.php?dashboard=main,,,,
2020-11-02,,3.0,,,,,0.0,,,,,,,,,,,https://ddc.moph.go.th/covid19-dashboard/index.php?dashboard=main,,,,
2020-11-03,,10.0,,,,,0.0,,,,,,,,,,,https://ddc.moph.go.th/covid19-dashboard/index.php?dashboard=main,,,,
2020-11-04,,7.0,,,,,0.0,,,,,,,,,,,https://ddc.moph.go.th/covid19-dashboard/index.php?dashboard=main,,,,
2020-11-05,,6.0,,,,,0.0,,,,,,,,,,,https://ddc.moph.go.th/covid19-dashboard/index.php?dashboard=main,,,,
2020-11-06,,8.0,,,,,1.0,,,,,,,,,,,https://ddc.moph.go.th/covid19-dashboard/index.php?dashboard=main,,,,
2020-11-07,,12.0,,,,,0.0,,,,,,,,,,,https://ddc.moph.go.th/covid19-dashboard/index.php?dashboard=main,,,,
2020-11-08,,7.0,,,,,0.0,,,,,,,,,,,https://ddc.moph.go.th/covid19-dashboard/index.php?dashboard=main,,,,
2020-11-09,,3.0,,,,,0.0,,,,,,,,,,,https://ddc.moph.go.th/covid19-dashboard/index.php?dashboard=main,,,,
2020-11-10,,4.0,,,,,0.0,,,,,,,,,,,https://ddc.moph.go.th/covid19-dashboard/index.php?dashboard=main,,,,
2020-11-11,,3.0,,,,,0.0,,,,,,,,,,,https://ddc.moph.go.th/covid19-dashboard/index.php?dashboard=main,,,,
2020-11-12,,5.0,,,,,0.0,,,,,,,,,,,https://ddc.moph.go.th/covid19-dashboard/index.php?dashboard=main,,,,
2020-11-13,,9.0,,,,,0.0,,,,,,,,,,,https://ddc.moph.go.th/covid19-dashboard/index.php?dashboard=main,,,,
2020-11-14,,5.0,,,,,0.0,,,,,,,,,,,https://ddc.moph.go.th/covid19-dashboard/index.php?dashboard=main,,,,
2020-11-15,,8.0,,,,,0.0,,,,,,,,,,,https://ddc.moph.go.th/covid19-dashboard/index.php?dashboard=main,,,,
2020-11-16,,1.0,,,,,0.0,,,,,,,,,,,https://ddc.moph.go.th/covid19-dashboard/index.php?dashboard=main,,,,
2020-11-17,,3.0,,,,,0.0,,,,,,,,,,,https://ddc.moph.go.th/covid19-dashboard/index.php?dashboard=main,,,,
2020-11-18,,2.0,,,,,0.0,,,,,,,,,,,https://ddc.moph.go.th/covid19-dashboard/index.php?dashboard=main,,,,
2020-11-19,,8.0,,,,,0.0,,,,,,,,,,,https://ddc.moph.go.th/covid19-dashboard/index.php?dashboard=main,,,,
2020-11-20,,4.0,,,,,0.0,,,,,,,,,,,https://ddc.moph.go.th/covid19-dashboard/index.php?dashboard=main,,,,
2020-11-21,,10.0,,,,,0.0,,,,,,,,,,,https://ddc.moph.go.th/covid19-dashboard/index.php?dashboard=main,,,,
2020-11-22,,11.0,,,,,0.0,,,,,,,,,,,https://ddc.moph.go.th/covid19-dashboard/index.php?dashboard=main,,,,
2020-11-23,,7.0,,,,,0.0,,,,,,,,,,,https://ddc.moph.go.th/covid19-dashboard/index.php?dashboard=main,,,,
2020-11-24,,2.0,,,,,0.0,,,,,,,,,,,https://ddc.moph.go.th/covid19-dashboard/index.php?dashboard=main,,,,
2020-11-25,,4.0,,,,,0.0,,,,,,,,,,,https://ddc.moph.go.th/covid19-dashboard/index.php?dashboard=main,,,,
2020-11-26,,16.0,,,,,0.0,,,,,,,,,,,https://ddc.moph.go.th/covid19-dashboard/index.php?dashboard=main,,,,
2020-11-27,,19.0,,,,,0.0,,,,,,,,,,,https://ddc.moph.go.th/covid19-dashboard/index.php?dashboard=main,,,,
2020-11-28,,5.0,,,,,0.0,,,,,,,,,,,https://ddc.moph.go.th/covid19-dashboard/index.php?dashboard=main,,,,
2020-11-29,,11.0,,,,,0.0,,,,,,,,,,,https://ddc.moph.go.th/covid19-dashboard/index.php?dashboard=main,,,,
2020-11-30,,21.0,,,,,0.0,,,,,,,,,,,https://ddc.moph.go.th/covid19-dashboard/index.php?dashboard=main,,,,
2020-12-01,,10.0,,,,,0.0,,,,,,,,,,,https://ddc.moph.go.th/covid19-dashboard/index.php?dashboard=main,,,,
2020-12-02,,18.0,,,,,0.0,,,,,,,,,,11.0,https://ddc.moph.go.th/covid19-dashboard/index.php?dashboard=main,,,,
2020-12-03,,13.0,,,,,0.0,,,,,,,,,,10.0,https://ddc.moph.go.th/covid19-dashboard/index.php?dashboard=main,,,,
2020-12-04,,14.0,,,,,0.0,,,,,,,,,,7.0,https://ddc.moph.go.th/covid19-dashboard/index.php?dashboard=main,,,,
2020-12-05,,19.0,,,,,0.0,,,,,,,,,,9.0,https://ddc.moph.go.th/covid19-dashboard/index.php?dashboard=main,,,,
2020-12-06,,14.0,,,,,0.0,,,,,,,,,,5.0,https://ddc.moph.go.th/covid19-dashboard/index.php?dashboard=main,,,,
2020-12-07,,21.0,,,,,0.0,,,,,,,,,,15.0,https://ddc.moph.go.th/covid19-dashboard/index.php?dashboard=main,,,,
2020-12-08,,19.0,,,,,0.0,,,,,,,,,,6.0,https://ddc.moph.go.th/covid19-dashboard/index.php?dashboard=main,,,,
2020-12-09,,25.0,,,,,0.0,,,,,,,,,,6.0,https://ddc.moph.go.th/covid19-dashboard/index.php?dashboard=main,,,,
2020-12-10,,18.0,,,,,0.0,,,,,,,,,,8.0,https://ddc.moph.go.th/covid19-dashboard/index.php?dashboard=main,,,,
2020-12-11,,11.0,,,,,0.0,,,,,,,,,,15.0,https://ddc.moph.go.th/covid19-dashboard/index.php?dashboard=main,,,,
2020-12-12,,12.0,,,,,0.0,,,,,,,,,,12.0,https://ddc.moph.go.th/covid19-dashboard/index.php?dashboard=main,,,,
2020-12-13,,17.0,,,,,0.0,,,,,,,,,,8.0,https://ddc.moph.go.th/covid19-dashboard/index.php?dashboard=main,,,,
2020-12-14,,28.0,,,,,0.0,,,,,,,,,,17.0,https://ddc.moph.go.th/covid19-dashboard/index.php?dashboard=main,,,,
2020-12-15,,9.0,,,,,0.0,,,,,,,,,,228.0,https://ddc.moph.go.th/covid19-dashboard/index.php?dashboard=main,,,,
2020-12-16,,15.0,,,,,0.0,,,,,,,,,,28.0,https://ddc.moph.go.th/covid19-dashboard/index.php?dashboard=main,,,,
2020-12-17,,20.0,,,,,0.0,,,,,,,,,,12.0,https://ddc.moph.go.th/covid19-dashboard/index.php?dashboard=main,,,,
2020-12-18,,16.0,,,,,0.0,,,,,,,,,,16.0,https://ddc.moph.go.th/covid19-dashboard/index.php?dashboard=main,,,,
2020-12-19,,34.0,,,,,0.0,,,,,,,,,,19.0,https://ddc.moph.go.th/covid19-dashboard/index.php?dashboard=main,,,,
2020-12-20,,576.0,,,,,0.0,,,,,,,,,,17.0,https://ddc.moph.go.th/covid19-dashboard/index.php?dashboard=main,,,,
2020-12-21,,382.0,,,,,0.0,,,,,,,,,,12.0,https://ddc.moph.go.th/covid19-dashboard/index.php?dashboard=main,,,,
2020-12-22,,427.0,,,,,0.0,,,,,,,,,,25.0,https://ddc.moph.go.th/covid19-dashboard/index.php?dashboard=main,,,,
2020-12-23,,46.0,,,,,0.0,,,,,,,,,,17.0,https://ddc.moph.go.th/covid19-dashboard/index.php?dashboard=main,,,,
2020-12-24,,67.0,,,,,0.0,,,,,,,,,0.0,21.0,https://ddc.moph.go.th/covid19-dashboard/index.php?dashboard=main,0.0,0.0,0.0,0.0
2020-12-25,,81.0,,,,,0.0,,,,,,,,,0.0,21.0,https://ddc.moph.go.th/covid19-dashboard/index.php?dashboard=main,0.0,0.0,0.0,0.0
2020-12-26,,110.0,,,,,0.0,,,,,,,,,0.0,15.0,https://ddc.moph.go.th/covid19-dashboard/index.php?dashboard=main,0.0,0.0,0.0,0.0
2020-12-27,,121.0,,,,,0.0,,,,,,,,,0.0,9.0,https://ddc.moph.go.th/covid19-dashboard/index.php?dashboard=main,0.0,0.0,0.0,0.0
2020-12-28,,144.0,,,,,0.0,,,,,,,,,0.0,19.0,https://ddc.moph.go.th/covid19-dashboard/index.php?dashboard=main,0.0,0.0,0.0,0.0
2020-12-29,,155.0,,,,,1.0,,,,,,,,,0.0,4.0,https://ddc.moph.go.th/covid19-dashboard/index.php?dashboard=main,0.0,0.0,0.0,0.0
2020-12-30,,250.0,,,,,0.0,,,,,,,,,0.0,28.0,https://ddc.moph.go.th/covid19-dashboard/index.php?dashboard=main,0.0,0.0,0.0,0.0
2020-12-31,,194.0,,,,,0.0,,,,,,,,,0.0,28.0,https://ddc.moph.go.th/covid19-dashboard/index.php?dashboard=main,0.0,0.0,0.0,0.0
2021-01-01,,279.0,,15.0,18.0,246.0,2.0,2827.0,,,,,,,,0.1866794133477268,33.0,https://ddc.moph.go.th/covid19-dashboard/index.php?dashboard=main,653.2849999999999,0.0,0.0,0.0
2021-01-02,,216.0,,2.0,73.0,141.0,1.0,3016.0,,,,,,,12.0,0.2236283946233558,26.0,https://ddc.moph.go.th/covid19-dashboard/index.php?dashboard=main,717.4289999999997,0.0,0.0,0.0
2021-01-03,,315.0,,3.0,62.0,250.0,0.0,3293.0,,,,,,,11.0,0.1968770156827557,38.0,https://ddc.moph.go.th/covid19-dashboard/index.php?dashboard=main,799.2859999999998,0.0,0.0,0.0
2021-01-04,,745.0,,16.0,507.0,222.0,1.0,4022.0,,,,,,,9.0,0.2066858336929171,15.0,https://ddc.moph.go.th/covid19-dashboard/index.php?dashboard=main,954.714,0.0,0.0,0.0
2021-01-05,,527.0,,6.0,459.0,62.0,1.0,4504.0,,,,,,,11.0,0.2087533452426463,45.0,https://ddc.moph.go.th/covid19-dashboard/index.php?dashboard=main,1311.5699999999997,0.0,0.0,0.0
2021-01-06,,365.0,,16.0,98.0,251.0,1.0,4847.0,,,,,,,16.0,0.1598190859460451,21.0,https://ddc.moph.go.th/covid19-dashboard/index.php?dashboard=main,1436.999,0.0,0.0,0.0
2021-01-07,,305.0,,3.0,122.0,180.0,1.0,5048.0,,,,,,,27.0,0.1544961010759055,103.0,https://ddc.moph.go.th/covid19-dashboard/index.php?dashboard=main,1747.713,0.0,0.0,0.0
2021-01-08,,205.0,,16.0,34.0,155.0,0.0,4519.0,,,,,,,17.0,0.1280401027976195,734.0,https://ddc.moph.go.th/covid19-dashboard/index.php?dashboard=main,2062.1399999999994,0.0,0.0,0.0
2021-01-09,,212.0,,19.0,10.0,183.0,0.0,4440.0,,,,,,,15.0,0.1055988649700778,291.0,https://ddc.moph.go.th/covid19-dashboard/index.php?dashboard=main,2034.7099999999991,0.0,0.0,0.0
2021-01-10,,245.0,0.0,21.0,68.0,156.0,0.0,3803.0,,,,,,,17.0,0.105092243668722,882.0,https://ddc.moph.go.th/covid19-dashboard/index.php?dashboard=main,1982.426,0.0,0.0,0.0
2021-01-11,,249.0,,25.0,50.0,174.0,0.0,3914.0,,,,,,,28.0,0.0875178821727382,138.0,https://ddc.moph.go.th/covid19-dashboard/index.php?dashboard=main,1983.142,0.0,0.0,0.0
2021-01-12,,287.0,,9.0,127.0,151.0,0.0,4035.0,,,,,,,28.0,0.0568567327501499,166.0,https://ddc.moph.go.th/covid19-dashboard/index.php?dashboard=main,1846.291000000001,0.0,0.0,0.0
2021-01-13,,157.0,,25.0,42.0,90.0,0.0,3981.0,,,,,,,26.0,0.0578420313701952,211.0,https://ddc.moph.go.th/covid19-dashboard/index.php?dashboard=main,1788.1440000000002,1.0,0.0,0.0
2021-01-14,,271.0,,12.0,181.0,78.0,2.0,3533.0,,,,,,,25.0,0.035881728794891,717.0,https://ddc.moph.go.th/covid19-dashboard/index.php?dashboard=main,1644.8600000000004,1.0,0.0,0.0
2021-01-15,,188.0,,34.0,73.0,81.0,0.0,3093.0,,,,,,,25.0,0.0700908703796897,628.0,https://ddc.moph.go.th/covid19-dashboard/index.php?dashboard=main,1701.001,1.0,0.0,0.0
2021-01-16,,230.0,,21.0,126.0,83.0,1.0,2704.0,,,,,,,26.0,0.067592699714751,618.0,https://ddc.moph.go.th/covid19-dashboard/index.php?dashboard=main,1755.577000000001,1.0,0.0,0.0
2021-01-17,,374.0,,10.0,321.0,43.0,0.0,2969.0,,,,,,,26.0,0.1765956272375978,109.0,https://ddc.moph.go.th/covid19-dashboard/index.php?dashboard=main,2176.86,1.0,0.0,0.0
2021-01-18,,369.0,,12.0,275.0,82.0,1.0,3147.0,,,,,,,30.0,0.1694251455511518,191.0,https://ddc.moph.go.th/covid19-dashboard/index.php?dashboard=main,2361.7119999999995,1.0,0.0,0.0
2021-01-19,,171.0,,13.0,125.0,33.0,0.0,3168.0,,,,,,,28.0,0.1699835715348108,150.0,https://ddc.moph.go.th/covid19-dashboard/index.php?dashboard=main,2204.137,1.0,0.0,0.0
2021-01-20,,59.0,,8.0,23.0,28.0,0.0,2961.0,,,,,,,,0.1827541827541827,265.0,https://ddc.moph.go.th/covid19-dashboard/index.php?dashboard=main,2310.999,1.0,0.0,0.0
2021-01-21,,142.0,,17.0,37.0,88.0,0.0,2882.0,,,,,,,,0.1878408293288699,221.0,https://ddc.moph.go.th/covid19-dashboard/index.php?dashboard=main,2262.2849999999994,2.0,0.0,0.0
2021-01-22,,309.0,,12.0,217.0,80.0,0.0,2809.0,,,,,,,23.0,0.2064257516511066,382.0,https://ddc.moph.go.th/covid19-dashboard/index.php?dashboard=main,2230.7150000000006,2.0,0.0,0.0
2021-01-23,,198.0,,,,,1.0,,,,,,,,,,,https://ddc.moph.go.th/covid19-dashboard/index.php?dashboard=main,,,,
2021-01-24,0.0,198.0,0.0,7.0,73.0,118.0,3.0,2860.0,,0.0,0.0,0.0,0.0,0.0,18.0,0.0944613470844795,119.0,https://ddc.moph.go.th/covid19-dashboard/index.php?dashboard=main,1665.1440000000007,3.0,0.0,0.0
2021-01-25,0.0,187.0,0.0,10.0,116.0,61.0,0.0,2950.0,,0.0,0.0,0.0,0.0,0.0,20.0,,95.0,https://ddc.moph.go.th/covid19-dashboard/index.php?dashboard=main,1881.783,3.0,0.0,0.0
2021-01-26,0.0,959.0,0.0,22.0,916.0,21.0,0.0,3679.0,,0.0,0.0,0.0,,,19.0,,230.0,https://ddc.moph.go.th/covid19-dashboard/index.php?dashboard=main,1841.07,3.0,0.0,0.0
2021-01-27,,819.0,,11.0,794.0,14.0,1.0,4335.0,,,,,1611.0,10.0,16.0,,162.0,https://ddc.moph.go.th/covid19-dashboard/index.php?dashboard=main,1812.713,3.0,0.0,
2021-01-28,,756.0,,10.0,733.0,13.0,0.0,4858.0,,,,,1560.0,10.0,18.0,,233.0,https://ddc.moph.go.th/covid19-dashboard/index.php?dashboard=main,1769.7849999999996,3.0,0.0,
2021-01-29,,802.0,,21.0,734.0,47.0,0.0,5551.0,,,,,1794.0,11.0,17.0,,109.0,https://ddc.moph.go.th/covid19-dashboard/index.php?dashboard=main,1672.4989999999996,4.0,0.0,
2021-01-30,,930.0,,14.0,890.0,26.0,0.0,6371.0,,,,,1877.0,9.0,14.0,0.0158685929508692,109.0,https://ddc.moph.go.th/covid19-dashboard/index.php?dashboard=main,1581.645000000001,4.0,0.0,
2021-01-31,,829.0,,7.0,731.0,91.0,0.0,7090.0,,,,,2051.0,12.0,16.0,0.0155043441987063,110.0,https://ddc.moph.go.th/covid19-dashboard/index.php?dashboard=main,1361.5000000000002,4.0,0.0,
2021-02-01,,836.0,,4.0,793.0,39.0,1.0,7027.0,,,,,2135.0,11.0,16.0,0.0179603655322684,899.0,https://ddc.moph.go.th/covid19-dashboard/index.php?dashboard=main,1217.4249999999995,4.0,0.0,
2021-02-02,,836.0,,17.0,710.0,109.0,1.0,7158.0,,,,,2282.0,10.0,15.0,0.0156517358220464,703.0,https://ddc.moph.go.th/covid19-dashboard/index.php?dashboard=main,1226.7839999999997,5.0,0.0,
2021-02-03,,795.0,,12.0,759.0,24.0,0.0,7169.0,,,,,2371.0,8.0,13.0,0.013277053098824,784.0,https://ddc.moph.go.th/covid19-dashboard/index.php?dashboard=main,1188.9320000000002,5.0,0.0,
2021-02-04,,809.0,,13.0,751.0,45.0,0.0,7181.0,,,,,2559.0,7.0,14.0,0.0085758017114543,797.0,https://ddc.moph.go.th/covid19-dashboard/index.php?dashboard=main,1312.4259999999997,6.0,0.0,
2021-02-05,,586.0,,13.0,527.0,46.0,0.0,7234.0,,,,,2582.0,7.0,15.0,0.1066576768432564,533.0,https://ddc.moph.go.th/covid19-dashboard/index.php?dashboard=main,1468.3580000000002,8.0,0.0,
2021-02-06,,490.0,,11.0,413.0,66.0,0.0,6781.0,,,,,2420.0,8.0,19.0,0.1054608760881455,943.0,https://ddc.moph.go.th/covid19-dashboard/index.php?dashboard=main,1451.714,8.0,0.0,
2021-02-07,,237.0,,12.0,112.0,113.0,0.0,6350.0,,,,,2547.0,8.0,20.0,0.1093441761917615,668.0,https://ddc.moph.go.th/covid19-dashboard/index.php?dashboard=main,1452.1409999999996,8.0,0.0,
2021-02-08,,186.0,0.0,10.0,35.0,141.0,1.0,6068.0,,,,,2597.0,11.0,22.0,0.1013409454597957,468.0,https://ddc.moph.go.th/covid19-dashboard/index.php?dashboard=main,1510.572,8.0,0.0,
2021-02-09,,189.0,,10.0,56.0,123.0,0.0,5301.0,,,,,2687.0,14.0,23.0,0.0882145727652623,956.0,https://ddc.moph.go.th/covid19-dashboard/index.php?dashboard=main,1624.9969999999996,8.0,0.0,
2021-02-10,,157.0,,13.0,106.0,38.0,0.0,4909.0,,,,,2693.0,12.0,23.0,0.0869602021730799,548.0,https://ddc.moph.go.th/covid19-dashboard/index.php?dashboard=main,1695.781999999999,8.0,0.0,
2021-02-11,,201.0,,16.0,95.0,90.0,0.0,4225.0,,,,,2794.0,11.0,23.0,0.0870022711068247,885.0,https://ddc.moph.go.th/covid19-dashboard/index.php?dashboard=main,1827.07,8.0,0.0,
2021-02-12,,175.0,,8.0,120.0,47.0,0.0,3989.0,,,,,2739.0,9.0,23.0,0.0127335595276544,411.0,https://ddc.moph.go.th/covid19-dashboard/index.php?dashboard=main,1755.1490000000013,8.0,0.0,
2021-02-13,,126.0,,10.0,79.0,37.0,0.0,3145.0,,,,,1095.0,10.0,23.0,0.01265771251151,970.0,https://ddc.moph.go.th/covid19-dashboard/index.php?dashboard=main,1736.8650000000016,8.0,0.0,
2021-02-14,,166.0,0.0,28.0,89.0,49.0,0.0,2380.0,,,,,1021.0,8.0,19.0,0.0082000993438712,931.0,https://ddc.moph.go.th/covid19-dashboard/index.php?dashboard=main,1731.005000000001,8.0,0.0,
2021-02-15,,143.0,,11.0,68.0,64.0,2.0,1749.0,,,,,1112.0,7.0,19.0,0.0056593098939746,772.0,https://ddc.moph.go.th/covid19-dashboard/index.php?dashboard=main,1834.785,8.0,0.0,
2021-02-16,,72.0,,3.0,48.0,21.0,0.0,1141.0,,,,,926.0,6.0,17.0,0.0056369524501544,680.0,https://ddc.moph.go.th/covid19-dashboard/index.php?dashboard=main,1914.501,8.0,0.0,
2021-02-17,,175.0,,7.0,114.0,54.0,0.0,1182.0,,,,,976.0,5.0,17.0,0.0067663883769949,134.0,https://ddc.moph.go.th/covid19-dashboard/index.php?dashboard=main,1924.284,8.0,0.0,
2021-02-18,,150.0,,8.0,104.0,38.0,0.0,1083.0,,,,,870.0,5.0,18.0,0.0078131971571102,249.0,https://ddc.moph.go.th/covid19-dashboard/index.php?dashboard=main,1828.9300000000003,9.0,0.0,
2021-02-19,,130.0,,14.0,54.0,62.0,1.0,1088.0,,,,,869.0,7.0,19.0,0.0065999874683782,124.0,https://ddc.moph.go.th/covid19-dashboard/index.php?dashboard=main,1614.7900000000009,9.0,0.0,
2021-02-20,,82.0,,11.0,44.0,27.0,0.0,1111.0,,,,,892.0,7.0,18.0,0.0065163148452375,59.0,https://ddc.moph.go.th/covid19-dashboard/index.php?dashboard=main,1596.2170000000006,9.0,0.0,
2021-02-21,,92.0,,6.0,38.0,48.0,0.0,1047.0,,,,,700.0,7.0,16.0,0.0073872367461928,156.0,https://ddc.moph.go.th/covid19-dashboard/index.php?dashboard=main,1600.6419999999998,9.0,0.0,
2021-02-22,,89.0,,16.0,14.0,59.0,0.0,1060.0,,,,,736.0,8.0,17.0,0.0075809737584944,76.0,https://ddc.moph.go.th/covid19-dashboard/index.php?dashboard=main,1528.0679999999995,9.0,0.0,
2021-02-23,,95.0,,2.0,41.0,52.0,0.0,1070.0,,,,,738.0,12.0,22.0,0.0077317374326793,85.0,https://ddc.moph.go.th/covid19-dashboard/index.php?dashboard=main,1451.707999999999,9.0,0.0,
2021-02-24,,93.0,,22.0,12.0,59.0,0.0,1067.0,,,,,731.0,10.0,18.0,0.0118373718153051,96.0,https://ddc.moph.go.th/covid19-dashboard/index.php?dashboard=main,1411.5679999999998,9.0,0.0,
2021-02-25,,72.0,,9.0,20.0,43.0,0.0,947.0,,,,,627.0,8.0,22.0,0.0129364400302256,192.0,https://ddc.moph.go.th/covid19-dashboard/index.php?dashboard=main,1346.4279999999997,9.0,0.0,
2021-02-26,,45.0,,8.0,5.0,32.0,0.0,774.0,,,,,548.0,8.0,23.0,0.0144983361064892,218.0,https://ddc.moph.go.th/covid19-dashboard/index.php?dashboard=main,1352.5699999999997,9.0,0.0,
2021-02-27,,72.0,,9.0,13.0,50.0,0.0,776.0,,,,,559.0,7.0,24.0,0.0147222937953815,70.0,https://ddc.moph.go.th/covid19-dashboard/index.php?dashboard=main,1353.5689999999995,9.0,0.0,
2021-02-28,,70.0,,8.0,19.0,43.0,0.0,740.0,,,,,550.0,10.0,20.0,0.0140500429445824,106.0,https://ddc.moph.go.th/covid19-dashboard/index.php?dashboard=main,1363.427,274.0,0.0,
2021-03-01,,80.0,,16.0,36.0,28.0,1.0,624.0,,,,,543.0,8.0,19.0,0.0138549307253464,196.0,https://ddc.moph.go.th/covid19-dashboard/index.php?dashboard=main,1281.7109999999996,3454.0,0.0,
2021-03-02,,42.0,0.0,3.0,3.0,36.0,0.0,569.0,,,,,485.0,9.0,19.0,0.0191510208929225,96.0,https://ddc.moph.go.th/covid19-dashboard/index.php?dashboard=main,1216.2170000000003,8316.0,0.0,
2021-03-03,,35.0,,10.0,8.0,17.0,1.0,541.0,,,,,462.0,10.0,19.0,0.0151106599504387,63.0,https://ddc.moph.go.th/covid19-dashboard/index.php?dashboard=main,1223.4969999999996,15141.0,0.0,
2021-03-04,,54.0,,10.0,8.0,36.0,0.0,515.0,,,,,442.0,9.0,19.0,0.0138732804078646,79.0,https://ddc.moph.go.th/covid19-dashboard/index.php?dashboard=main,1199.4320000000005,21062.0,0.0,
2021-03-05,,79.0,,14.0,43.0,22.0,0.0,515.0,,,,,436.0,10.0,19.0,0.0137080338066982,79.0,https://ddc.moph.go.th/covid19-dashboard/index.php?dashboard=main,1179.4259999999997,27399.0,0.0,
2021-03-06,,64.0,,10.0,25.0,29.0,0.0,534.0,,,,,433.0,10.0,18.0,0.0153496989648559,45.0,https://ddc.moph.go.th/covid19-dashboard/index.php?dashboard=main,1174.927,27971.0,0.0,
2021-03-07,,65.0,,5.0,40.0,20.0,0.0,541.0,,,,,413.0,,17.0,0.0155486216018313,58.0,https://ddc.moph.go.th/covid19-dashboard/index.php?dashboard=main,1164.93,27974.0,0.0,
2021-03-08,,71.0,,23.0,7.0,41.0,0.0,579.0,,,,,460.0,9.0,17.0,0.0158035319174676,33.0,https://ddc.moph.go.th/covid19-dashboard/index.php?dashboard=main,1210.5720000000008,31026.0,0.0,
2021-03-09,,60.0,,17.0,21.0,22.0,0.0,565.0,,,,,439.0,9.0,15.0,0.0133325728406328,74.0,https://ddc.moph.go.th/covid19-dashboard/index.php?dashboard=main,1205.4249999999995,33555.0,0.0,
2021-03-10,,39.0,,5.0,13.0,21.0,0.0,509.0,,,,,372.0,9.0,15.0,0.0124894613583138,95.0,https://ddc.moph.go.th/covid19-dashboard/index.php?dashboard=main,1201.284,36162.0,0.0,
2021-03-11,,58.0,,5.0,36.0,17.0,0.0,513.0,,,,,363.0,9.0,16.0,0.0137734849244971,54.0,https://ddc.moph.go.th/covid19-dashboard/index.php?dashboard=main,1154.5719999999994,39577.0,0.0,
2021-03-12,,81.0,,14.0,37.0,30.0,1.0,538.0,,,,,412.0,11.0,17.0,0.0131179698978899,56.0,https://ddc.moph.go.th/covid19-dashboard/index.php?dashboard=main,1233.7139999999993,43886.0,0.0,
2021-03-13,,78.0,,11.0,34.0,33.0,1.0,585.0,,,,,465.0,9.0,16.0,0.0114844786374473,30.0,https://ddc.moph.go.th/covid19-dashboard/index.php?dashboard=main,1237.139999999999,44416.0,0.0,
2021-03-14,,170.0,,14.0,130.0,26.0,0.0,687.0,,,,,545.0,8.0,16.0,0.0105919620583028,68.0,https://ddc.moph.go.th/covid19-dashboard/index.php?dashboard=main,1283.783,46039.0,0.0,
2021-03-15,,78.0,,4.0,59.0,15.0,0.0,684.0,,,,,484.0,6.0,13.0,0.0191556732854941,80.0,https://ddc.moph.go.th/covid19-dashboard/index.php?dashboard=main,1346.3580000000002,49843.0,2.0,
2021-03-16,,149.0,,5.0,121.0,23.0,1.0,768.0,,,,,549.0,6.0,13.0,0.0220395974928846,65.0,https://ddc.moph.go.th/covid19-dashboard/index.php?dashboard=main,1453.8600000000006,54206.0,2.0,
2021-03-17,,246.0,,7.0,156.0,83.0,2.0,975.0,,,,,763.0,4.0,11.0,0.0196811743761667,40.0,https://ddc.moph.go.th/covid19-dashboard/index.php?dashboard=main,1541.0750000000007,59907.0,2.0,
2021-03-18,,92.0,,14.0,14.0,64.0,0.0,1028.0,,,,,803.0,,,0.0844494121714801,38.0,https://ddc.moph.go.th/covid19-dashboard/index.php?dashboard=main,1866.2160000000003,65657.0,5.0,
2021-03-19,,100.0,,6.0,41.0,53.0,0.0,1054.0,,,,,846.0,,9.0,0.1499866595800845,73.0,https://ddc.moph.go.th/covid19-dashboard/index.php?dashboard=main,2034.141,70848.0,5.0,
2021-03-20,,121.0,,7.0,47.0,67.0,0.0,1111.0,,,,,901.0,5.0,8.0,0.172407611954003,62.0,https://ddc.moph.go.th/covid19-dashboard/index.php?dashboard=main,2101.0750000000007,75031.0,6.0,
2021-03-21,,90.0,,9.0,37.0,44.0,0.0,1115.0,,,,,903.0,5.0,8.0,0.1926178677015557,86.0,https://ddc.moph.go.th/covid19-dashboard/index.php?dashboard=main,2137.001,80305.0,82.0,
2021-03-22,,73.0,,7.0,44.0,22.0,1.0,1122.0,,,,,917.0,7.0,10.0,0.2632256902041407,65.0,https://ddc.moph.go.th/covid19-dashboard/index.php?dashboard=main,2224.717000000001,91930.0,2988.0,
2021-03-23,,401.0,,18.0,19.0,364.0,1.0,1419.0,,,,,953.0,8.0,10.0,0.3130032293004051,103.0,https://ddc.moph.go.th/covid19-dashboard/index.php?dashboard=main,2266.3590000000004,107387.0,7120.0,
2021-03-24,,69.0,0.0,8.0,17.0,44.0,0.0,1381.0,,,,,939.0,5.0,9.0,0.368308624319355,107.0,https://ddc.moph.go.th/covid19-dashboard/index.php?dashboard=main,2300.929,121687.0,11816.0,
2021-03-25,,97.0,0.0,5.0,49.0,43.0,0.0,1405.0,,,,,989.0,5.0,9.0,0.5133197458160558,73.0,https://ddc.moph.go.th/covid19-dashboard/index.php?dashboard=main,2571.142,130992.0,16634.0,
2021-03-26,,134.0,0.0,6.0,87.0,41.0,1.0,1453.0,,,,,1040.0,5.0,8.0,0.5279548650931024,86.0,https://ddc.moph.go.th/covid19-dashboard/index.php?dashboard=main,2643.214,139076.0,21274.0,
2021-03-27,,80.0,0.0,7.0,32.0,41.0,1.0,1428.0,,,,,1040.0,6.0,11.0,0.5450769378972472,104.0,https://ddc.moph.go.th/covid19-dashboard/index.php?dashboard=main,2719.2870000000003,142083.0,21755.0,
2021-03-28,,77.0,0.0,19.0,26.0,32.0,0.0,1401.0,,,,,1028.0,6.0,10.0,0.5624347628421522,103.0,https://ddc.moph.go.th/covid19-dashboard/index.php?dashboard=main,2722.2160000000003,143896.0,21757.0,
2021-03-29,,39.0,0.0,11.0,12.0,16.0,0.0,1366.0,,,,,996.0,6.0,12.0,0.5315573651681428,74.0,https://ddc.moph.go.th/covid19-dashboard/index.php?dashboard=main,2699.715,152108.0,26007.0,
2021-03-30,,48.0,0.0,21.0,5.0,22.0,0.0,1348.0,,,,,979.0,6.0,13.0,0.5663389269137864,66.0,https://ddc.moph.go.th/covid19-dashboard/index.php?dashboard=main,2731.4969999999994,160557.0,29939.0,
2021-03-31,,42.0,0.0,18.0,5.0,19.0,0.0,1343.0,,,,,979.0,6.0,12.0,0.5753514798090936,47.0,https://ddc.moph.go.th/covid19-dashboard/index.php?dashboard=main,,166724.0,33813.0,
2021-04-01,0.0,26.0,0.0,5.0,8.0,13.0,0.0,0.0,367.0,0.0,0.0,0.0,880.0,6.0,11.0,0.5075630815659314,122.0,https://ddc.moph.go.th/covid19-dashboard/index.php?dashboard=main,,168969.0,37267.0,
2021-04-02,0.0,58.0,0.0,13.0,3.0,42.0,0.0,1247.0,372.0,0.0,0.0,0.0,875.0,7.0,14.0,0.4923743490390108,58.0,https://ddc.moph.go.th/covid19-dashboard/index.php?dashboard=main,,201479.0,42735.0,0.0
2021-04-03,0.0,84.0,0.0,15.0,11.0,58.0,1.0,1268.0,375.0,0.0,0.0,0.0,893.0,8.0,13.0,0.4786583337868644,62.0,https://ddc.moph.go.th/covid19-dashboard/index.php?dashboard=main,,214539.0,42887.0,0.0
2021-04-04,0.0,96.0,0.0,9.0,9.0,78.0,0.0,1258.0,382.0,0.0,0.0,0.0,876.0,7.0,12.0,0.4511436047086238,106.0,https://ddc.moph.go.th/covid19-dashboard/index.php?dashboard=main,,227730.0,44041.0,0.0
2021-04-05,0.0,194.0,0.0,12.0,95.0,87.0,0.0,1386.0,466.0,0.0,0.0,0.0,920.0,6.0,12.0,0.4284397174879802,66.0,https://ddc.moph.go.th/covid19-dashboard/index.php?dashboard=main,,266189.0,47941.0,0.0
2021-04-06,0.0,250.0,0.0,5.0,155.0,90.0,0.0,1528.0,460.0,0.0,0.0,0.0,1068.0,6.0,12.0,0.3685758841470186,108.0,https://ddc.moph.go.th/covid19-dashboard/index.php?dashboard=main,,302030.0,50599.0,0.0
2021-04-07,0.0,334.0,0.0,7.0,153.0,174.0,0.0,1741.0,455.0,0.0,0.0,0.0,1286.0,7.0,13.0,0.2696642165740737,121.0,https://ddc.moph.go.th/covid19-dashboard/index.php?dashboard=main,,366644.0,55994.0,0.0
2021-04-08,0.0,405.0,0.0,14.0,194.0,197.0,0.0,2114.0,595.0,0.0,0.0,0.0,1519.0,7.0,14.0,0.2647693984760088,32.0,https://ddc.moph.go.th/covid19-dashboard/index.php?dashboard=main,,433170.0,62344.0,1.0
2021-04-09,0.0,559.0,0.0,10.0,148.0,401.0,1.0,2645.0,590.0,0.0,0.0,0.0,2055.0,9.0,14.0,0.3041608231072676,27.0,https://ddc.moph.go.th/covid19-dashboard/index.php?dashboard=main,,499929.0,69649.0,1.0
2021-04-10,0.0,789.0,0.0,8.0,259.0,522.0,1.0,3400.0,590.0,0.0,0.0,0.0,2810.0,10.0,14.0,0.333945142071361,33.0,https://ddc.moph.go.th/covid19-dashboard/index.php?dashboard=main,,514364.0,72294.0,1.0
2021-04-11,0.0,967.0,0.0,3.0,434.0,530.0,0.0,4314.0,586.0,0.0,0.0,0.0,3728.0,8.0,20.0,0.3879117323602801,53.0,https://ddc.moph.go.th/covid19-dashboard/index.php?dashboard=main,,517863.0,73854.0,1.0
2021-04-12,0.0,985.0,0.0,5.0,346.0,634.0,0.0,5265.0,582.0,0.0,0.0,0.0,4683.0,9.0,28.0,0.42168395298431,34.0,https://ddc.moph.go.th/covid19-dashboard/index.php?dashboard=main,,520610.0,75382.0,1.0
2021-04-13,0.0,965.0,0.0,9.0,303.0,653.0,0.0,6190.0,582.0,0.0,0.0,0.0,5608.0,9.0,30.0,0.4057716569244791,40.0,https://ddc.moph.go.th/covid19-dashboard/index.php?dashboard=main,,521129.0,75683.0,1.0
2021-04-14,0.0,1338.0,0.0,8.0,537.0,793.0,0.0,7494.0,577.0,0.0,0.0,0.0,6917.0,9.0,36.0,0.4194335766283749,34.0,https://ddc.moph.go.th/covid19-dashboard/index.php?dashboard=main,,522862.0,76116.0,1.0
2021-04-15,0.0,1543.0,0.0,3.0,378.0,1162.0,0.0,8976.0,584.0,0.0,0.0,0.0,8392.0,11.0,41.0,0.4075565760088951,61.0,https://ddc.moph.go.th/covid19-dashboard/index.php?dashboard=main,,526485.0,77977.0,1.0
2021-04-16,,1582.0,,6.0,499.0,1077.0,3.0,10461.0,586.0,,,,9875.0,16.0,67.0,0.4238476376716962,97.0,https://ddc.moph.go.th/covid19-dashboard/index.php?dashboard=main,,539808.0,83861.0,1.0
2021-04-17,,1547.0,,3.0,513.0,1031.0,0.0,11916.0,576.0,,,,11340.0,21.0,107.0,0.4682744680141708,90.0,https://ddc.moph.go.th/covid19-dashboard/index.php?dashboard=main,,542729.0,84491.0,1.0
2021-04-18,,1767.0,,2.0,341.0,1424.0,1.0,13568.0,563.0,,,,13005.0,28.0,128.0,0.4531009254831762,113.0,https://ddc.moph.go.th/covid19-dashboard/index.php?dashboard=main,,553600.0,84675.0,1.0
2021-04-19,,1390.0,,4.0,397.0,989.0,3.0,14851.0,563.0,,,,14288.0,41.0,163.0,0.4264993861716506,104.0,https://ddc.moph.go.th/covid19-dashboard/index.php?dashboard=main,,586844.0,97194.0,1.0
2021-04-20,,1443.0,,2.0,331.0,1110.0,4.0,16119.0,2950.0,,,,13169.0,55.0,223.0,0.3793839131888645,171.0,https://ddc.moph.go.th/covid19-dashboard/index.php?dashboard=main,,621152.0,110955.0,1.0
2021-04-21,,1458.0,,4.0,238.0,1216.0,2.0,17162.0,3365.0,,,,13797.0,66.0,259.0,0.3390904490832332,413.0,https://ddc.moph.go.th/covid19-dashboard/index.php?dashboard=main,,741029.0,121053.0,1.0
2021-04-22,,1470.0,,0.0,304.0,1166.0,7.0,18148.0,3593.0,,,,14555.0,80.0,320.0,0.3133859924406548,477.0,https://ddc.moph.go.th/covid19-dashboard/index.php?dashboard=main,,835039.0,136409.0,1.0
2021-04-23,,2070.0,,8.0,638.0,1424.0,4.0,19873.0,4231.0,,,,15642.0,91.0,352.0,0.261472818181146,341.0,https://ddc.moph.go.th/covid19-dashboard/index.php?dashboard=main,,925879.0,166567.0,1.0
2021-04-24,,2839.0,,12.0,1220.0,1607.0,8.0,22327.0,4403.0,,,,17924.0,113.0,418.0,0.1634369779789118,377.0,https://ddc.moph.go.th/covid19-dashboard/index.php?dashboard=main,,937208.0,182978.0,1.0
2021-04-25,,2438.0,,5.0,1082.0,1351.0,11.0,24207.0,4933.0,,,,19274.0,138.0,507.0,0.1209009288029921,547.0,https://ddc.moph.go.th/covid19-dashboard/index.php?dashboard=main,,942655.0,199856.0,1.0
2021-04-26,,2048.0,,11.0,736.0,1301.0,8.0,25767.0,5306.0,,,,20461.0,150.0,563.0,0.090366673132972,480.0,https://ddc.moph.go.th/covid19-dashboard/index.php?dashboard=main,,975958.0,235262.0,1.0
2021-04-27,,2179.0,,5.0,25.0,2149.0,15.0,25973.0,5665.0,,,,20308.0,169.0,628.0,0.0801689837024359,1958.0,https://ddc.moph.go.th/covid19-dashboard/index.php?dashboard=main,,998054.0,264170.0,1.0
2021-04-28,,2012.0,,11.0,108.0,1893.0,15.0,27119.0,6111.0,,,,21008.0,199.0,695.0,0.0700898511539166,851.0,https://ddc.moph.go.th/covid19-dashboard/index.php?dashboard=main,,1013843.0,310538.0,1.0
2021-04-29,,1871.0,,7.0,36.0,1828.0,10.0,27988.0,6682.0,,,,21306.0,230.0,786.0,0.0677228511633904,992.0,https://ddc.moph.go.th/covid19-dashboard/index.php?dashboard=main,,1028585.0,363993.0,1.0
2021-04-30,,1583.0,,4.0,211.0,1368.0,15.0,28696.0,7289.0,,,,21407.0,250.0,871.0,0.0667923310260861,860.0,https://ddc.moph.go.th/covid19-dashboard/index.php?dashboard=main,,1046156.0,410853.0,1.0
2021-05-01,,1891.0,0.0,7.0,86.0,1798.0,21.0,28745.0,7970.0,,,,20775.0,270.0,829.0,0.0656704421032588,1821.0,https://ddc.moph.go.th/covid19-dashboard/index.php?dashboard=main,16283.287,1048090.0,411580.0,1.0
2021-05-02,,1940.0,,10.0,142.0,1788.0,21.0,29481.0,8123.0,,,,21358.0,270.0,954.0,0.0646559643723841,1183.0,https://ddc.moph.go.th/covid19-dashboard/index.php?dashboard=main,17602.287,1049777.0,412000.0,1.0
2021-05-03,,2041.0,,1.0,98.0,1942.0,31.0,29765.0,8292.0,,,,21473.0,278.0,981.0,0.0657620061214329,1726.0,https://ddc.moph.go.th/covid19-dashboard/index.php?dashboard=main,18959.574,1057623.0,417160.0,1.0
2021-05-04,,1763.0,0.0,13.0,232.0,1518.0,27.0,30011.0,8558.0,,,,21453.0,311.0,1009.0,0.0652834633123475,1490.0,https://ddc.moph.go.th/covid19-dashboard/index.php?dashboard=main,19790.006,1060912.0,420096.0,1.0
2021-05-05,,2112.0,,5.0,154.0,1953.0,15.0,30222.0,8614.0,,,,21608.0,343.0,1042.0,0.0666191286691718,1886.0,https://ddc.moph.go.th/covid19-dashboard/index.php?dashboard=main,19768.142,1079015.0,432230.0,1.0
2021-05-06,,1911.0,0.0,9.0,515.0,1387.0,18.0,29680.0,8743.0,,,,20937.0,356.0,1073.0,0.0637020611368229,2435.0,https://ddc.moph.go.th/covid19-dashboard/index.php?dashboard=main,20983.857,1113065.0,447731.0,1.0
2021-05-07,,2044.0,1.0,4.0,683.0,1356.0,27.0,29320.0,8979.0,,,,20341.0,367.0,1170.0,0.0655007567328288,2377.0,https://ddc.moph.go.th/covid19-dashboard/index.php?dashboard=main,21769.137,1178068.0,463988.0,1.0
2021-05-08,,2419.0,,10.0,583.0,1826.0,19.0,29473.0,8386.0,,,,21087.0,380.0,1138.0,0.0682786184352433,2247.0,https://ddc.moph.go.th/covid19-dashboard/index.php?dashboard=main,22113.57,1186542.0,464951.0,1.0
2021-05-09,0.0,2101.0,0.0,15.0,412.0,1674.0,17.0,29371.0,8894.0,0.0,0.0,0.0,20477.0,394.0,1442.0,0.071389356063526,2186.0,https://ddc.moph.go.th/covid19-dashboard/index.php?dashboard=main,,,,
2021-05-10,0.0,1630.0,0.0,8.0,301.0,1321.0,22.0,29376.0,9428.0,0.0,0.0,0.0,19948.0,389.0,1151.0,0.0705025420088235,1603.0,https://ddc.moph.go.th/covid19-dashboard/index.php?dashboard=main,,,,
2021-05-11,0.0,1919.0,0.0,17.0,583.0,1319.0,31.0,29435.0,9430.0,0.0,0.0,0.0,20005.0,390.0,1207.0,0.0717306208633782,1829.0,https://ddc.moph.go.th/covid19-dashboard/index.php?dashboard=main,,0.0,0.0,0.0
2021-05-12,0.0,1983.0,0.0,9.0,645.0,1329.0,34.0,29378.0,9219.0,0.0,0.0,0.0,20159.0,401.0,1226.0,0.0716523871729601,2006.0,https://ddc.moph.go.th/covid19-dashboard/index.php?dashboard=main,,0.0,0.0,0.0
2021-05-13,0.0,4887.0,2835.0,16.0,598.0,1438.0,32.0,32661.0,12210.0,0.0,0.0,0.0,20451.0,406.0,1209.0,0.0736474025326778,1572.0,https://ddc.moph.go.th/covid19-dashboard/index.php?dashboard=main,,0.0,0.0,0.0
2021-05-14,0.0,2256.0,184.0,5.0,545.0,1522.0,30.0,33186.0,12383.0,0.0,0.0,0.0,20803.0,408.0,1203.0,0.0723240690380637,1701.0,https://ddc.moph.go.th/covid19-dashboard/index.php?dashboard=main,,0.0,0.0,0.0
2021-05-15,,3095.0,877.0,3.0,811.0,1404.0,17.0,34913.0,13200.0,,,,21713.0,415.0,1234.0,0.0719886923912607,1351.0,https://ddc.moph.go.th/covid19-dashboard/index.php?dashboard=main,,0.0,0.0,0.0
2021-05-16,0.0,2302.0,2.0,23.0,586.0,1691.0,24.0,35055.0,13461.0,0.0,0.0,0.0,21594.0,408.0,1228.0,0.0760581765967364,2136.0,https://ddc.moph.go.th/covid19-dashboard/index.php?dashboard=main,,0.0,0.0,0.0
2021-05-17,0.0,9635.0,6853.0,9.0,951.0,1822.0,25.0,43268.0,20489.0,0.0,0.0,0.0,22779.0,400.0,1226.0,0.0912911220908403,1397.0,https://ddc.moph.go.th/covid19-dashboard/index.php?dashboard=main,,0.0,0.0,0.0
2021-05-18,0.0,2473.0,680.0,23.0,347.0,1423.0,35.0,42988.0,21672.0,0.0,0.0,0.0,21316.0,384.0,1150.0,0.1027608179953851,2718.0,https://ddc.moph.go.th/covid19-dashboard/index.php?dashboard=main,,0.0,0.0,0.0
2021-05-19,0.0,3394.0,1498.0,17.0,254.0,1625.0,29.0,41903.0,23395.0,0.0,0.0,0.0,18508.0,402.0,1210.0,0.1178636121583612,4450.0,https://ddc.moph.go.th/covid19-dashboard/index.php?dashboard=main,,0.0,0.0,0.0
2021-05-20,0.0,2636.0,671.0,58.0,521.0,1386.0,25.0,42246.0,24484.0,0.0,0.0,0.0,17762.0,405.0,1213.0,0.1355583030265256,2268.0,https://ddc.moph.go.th/covid19-dashboard/index.php?dashboard=main,,0.0,0.0,0.0
2021-05-21,0.0,3481.0,951.0,12.0,874.0,1644.0,32.0,42827.0,24818.0,0.0,0.0,0.0,18009.0,408.0,1248.0,0.1642213172282902,2868.0,https://ddc.moph.go.th/covid19-dashboard/index.php?dashboard=main,,0.0,0.0,0.0
2021-05-22,0.0,3052.0,605.0,41.0,482.0,1924.0,24.0,42955.0,25104.0,0.0,0.0,0.0,17851.0,409.0,1216.0,0.2198985173979264,2900.0,https://ddc.moph.go.th/covid19-dashboard/index.php?dashboard=main,,0.0,0.0,0.0
2021-05-23,0.0,3382.0,460.0,5.0,1591.0,1326.0,17.0,44189.0,25457.0,0.0,0.0,0.0,18732.0,412.0,1210.0,0.2402349959431896,2131.0,https://ddc.moph.go.th/covid19-dashboard/index.php?dashboard=main,,0.0,0.0,0.0
2021-05-24,0.0,2713.0,206.0,49.0,1310.0,1148.0,30.0,45307.0,26554.0,0.0,0.0,0.0,18753.0,406.0,1169.0,0.2495533540280792,1565.0,https://ddc.moph.go.th/covid19-dashboard/index.php?dashboard=main,,0.0,0.0,0.0
2021-05-25,0.0,3226.0,882.0,19.0,1183.0,1142.0,26.0,45413.0,27076.0,0.0,0.0,0.0,18337.0,399.0,1187.0,0.260637380298933,3094.0,https://ddc.moph.go.th/covid19-dashboard/index.php?dashboard=main,,0.0,0.0,0.0
2021-05-26,0.0,2455.0,479.0,16.0,750.0,1210.0,41.0,45256.0,26625.0,0.0,0.0,0.0,18631.0,402.0,1210.0,0.2839229984672149,2571.0,https://ddc.moph.go.th/covid19-dashboard/index.php?dashboard=main,,0.0,0.0,0.0
2021-05-27,0.0,3323.0,1219.0,21.0,951.0,1132.0,47.0,46469.0,28134.0,0.0,0.0,0.0,18335.0,399.0,1201.0,0.2781935676343989,2063.0,https://ddc.moph.go.th/covid19-dashboard/index.php?dashboard=main,,0.0,0.0,0.0
2021-05-28,0.0,3759.0,1294.0,18.0,1073.0,1374.0,34.0,46150.0,27179.0,0.0,0.0,0.0,18971.0,405.0,1226.0,0.2699028306987811,4044.0,https://ddc.moph.go.th/covid19-dashboard/index.php?dashboard=main,,0.0,0.0,0.0
2021-05-29,0.0,4803.0,2702.0,51.0,629.0,1421.0,34.0,46480.0,27760.0,0.0,0.0,0.0,18720.0,406.0,1221.0,0.2563763426753233,4439.0,https://ddc.moph.go.th/covid19-dashboard/index.php?dashboard=main,,0.0,0.0,0.0
2021-05-30,0.0,4528.0,1902.0,27.0,1202.0,1397.0,24.0,48051.0,29043.0,0.0,0.0,0.0,19008.0,389.0,1209.0,0.2578257345600477,2933.0,https://ddc.moph.go.th/covid19-dashboard/index.php?dashboard=main,,0.0,0.0,0.0
2021-05-31,0.0,5485.0,1953.0,57.0,2270.0,1205.0,19.0,50416.0,29579.0,0.0,0.0,0.0,20837.0,390.0,1233.0,0.2568469669650578,3101.0,https://ddc.moph.go.th/covid19-dashboard/index.php?dashboard=main,,0.0,0.0,0.0
2021-06-01,0.0,2230.0,77.0,21.0,806.0,1326.0,38.0,49218.0,28405.0,0.0,0.0,0.0,20813.0,378.0,1236.0,0.2621612076035417,3390.0,https://ddc.moph.go.th/covid19-dashboard/index.php?dashboard=main,,0.0,0.0,0.0
2021-06-02,0.0,3440.0,1087.0,15.0,1162.0,1176.0,38.0,49777.0,28591.0,0.0,0.0,0.0,21186.0,381.0,1247.0,0.2559443805506996,2843.0,https://ddc.moph.go.th/covid19-dashboard/index.php?dashboard=main,,0.0,0.0,0.0
2021-06-03,0.0,3886.0,1230.0,49.0,1245.0,1362.0,39.0,49998.0,28895.0,0.0,0.0,0.0,21103.0,373.0,1208.0,0.2726729067133876,3626.0,https://ddc.moph.go.th/covid19-dashboard/index.php?dashboard=main,,0.0,0.0,0.0
2021-06-04,0.0,2631.0,189.0,51.0,1085.0,1306.0,31.0,50105.0,28636.0,0.0,0.0,0.0,21469.0,376.0,1182.0,0.2916676621995534,2493.0,https://ddc.moph.go.th/covid19-dashboard/index.php?dashboard=main,,0.0,0.0,0.0
2021-06-05,0.0,2817.0,315.0,56.0,1151.0,1295.0,36.0,49490.0,28633.0,0.0,0.0,0.0,20857.0,361.0,1195.0,0.2943259014956909,3396.0,https://ddc.moph.go.th/covid19-dashboard/index.php?dashboard=main,,0.0,0.0,0.0
2021-06-06,0.0,2671.0,604.0,83.0,889.0,1095.0,23.0,49714.0,29295.0,0.0,0.0,0.0,20419.0,361.0,1209.0,0.2827254482665295,2424.0,https://ddc.moph.go.th/covid19-dashboard/index.php?dashboard=main,,0.0,0.0,0.0
2021-06-07,0.0,2419.0,91.0,32.0,949.0,1347.0,33.0,49101.0,28828.0,0.0,0.0,0.0,20273.0,355.0,1233.0,0.2757639674058216,2999.0,https://ddc.moph.go.th/covid19-dashboard/index.php?dashboard=main,,0.0,0.0,0.0
2021-06-08,3101.0,2662.0,534.0,16.0,615.0,1497.0,29.0,49252.0,29518.0,0.0,0.0,0.0,19734.0,359.0,1281.0,0.2784140481987535,2483.0,https://ddc.moph.go.th/covid19-dashboard/index.php?dashboard=main,,0.0,0.0,0.0
2021-06-09,1565.0,2680.0,280.0,11.0,930.0,1459.0,34.0,47644.0,28551.0,0.0,0.0,0.0,19093.0,355.0,1286.0,0.2739738452680185,4253.0,https://ddc.moph.go.th/covid19-dashboard/index.php?dashboard=main,,0.0,0.0,0.0
2021-06-10,1945.0,2310.0,341.0,17.0,1275.0,12770.0,43.0,141642.0,101148.0,23951.0,72007.0,5190.0,40494.0,915.0,4330.0,0.2649791897914704,3035.0,https://ddc.moph.go.th/covid19-dashboard/index.php?dashboard=main,,0.0,0.0,0.0
2021-06-11,0.0,2290.0,294.0,30.0,630.0,1336.0,27.0,43428.0,26660.0,0.0,0.0,0.0,16768.0,352.0,1287.0,0.2716663482647601,5711.0,https://ddc.moph.go.th/covid19-dashboard/index.php?dashboard=main,,0.0,0.0,0.0
2021-06-12,,3277.0,892.0,29.0,584.0,1772.0,29.0,41403.0,26371.0,,,,15032.0,362.0,1242.0,0.2518196899611494,5273.0,https://ddc.moph.go.th/covid19-dashboard/index.php?dashboard=main,34611.14500000001,0.0,0.0,0.0
2021-06-13,,2804.0,409.0,61.0,767.0,1567.0,18.0,40046.0,26152.0,,,,13894.0,351.0,1226.0,0.249987853934846,4143.0,https://ddc.moph.go.th/covid19-dashboard/index.php?dashboard=main,35176.00100000001,0.0,0.0,0.0
2021-06-14,,3355.0,784.0,10.0,833.0,1728.0,17.0,39854.0,25846.0,,,,14008.0,360.0,1261.0,0.2593553785836732,3530.0,https://ddc.moph.go.th/covid19-dashboard/index.php?dashboard=main,33711.57,0.0,0.0,0.0
2021-06-15,,3000.0,640.0,5.0,540.0,1815.0,19.0,38061.0,25022.0,,,,13039.0,365.0,1249.0,0.2748552415652885,4774.0,https://ddc.moph.go.th/covid19-dashboard/index.php?dashboard=main,34879.142,0.0,0.0,0.0
2021-06-16,,2331.0,26.0,29.0,462.0,1814.0,40.0,35405.0,25394.0,,,,10011.0,364.0,1306.0,0.2829123986288733,4947.0,https://ddc.moph.go.th/covid19-dashboard/index.php?dashboard=main,35160.283,0.0,0.0,0.0
2021-06-17,,3129.0,457.0,23.0,658.0,1991.0,30.0,33853.0,25263.0,,,,8590.0,376.0,1313.0,0.2830328429041291,4651.0,https://ddc.moph.go.th/covid19-dashboard/index.php?dashboard=main,35794.429,0.0,0.0,0.0
2021-06-18,,3058.0,459.0,19.0,536.0,2044.0,22.0,32795.0,25102.0,,,,7693.0,378.0,1360.0,0.286229789729131,4094.0,https://ddc.moph.go.th/covid19-dashboard/index.php?dashboard=main,37179.42500000002,0.0,0.0,0.0
2021-06-19,,3667.0,435.0,32.0,1103.0,2097.0,32.0,31482.0,25377.0,,,,6105.0,383.0,1343.0,0.2991630405002115,4948.0,https://ddc.moph.go.th/covid19-dashboard/index.php?dashboard=main,35863.862000000016,0.0,0.0,0.0
2021-06-20,,3682.0,578.0,40.0,1200.0,1864.0,20.0,32743.0,25334.0,,,,7409.0,390.0,1374.0,0.3077447715434749,2401.0,https://ddc.moph.go.th/covid19-dashboard/index.php?dashboard=main,36310.71600000001,0.0,0.0,0.0
2021-06-21,,3175.0,140.0,45.0,901.0,2089.0,29.0,33859.0,24635.0,,,,9224.0,395.0,1436.0,0.3107036438271508,2030.0,https://ddc.moph.go.th/covid19-dashboard/index.php?dashboard=main,36828.86,0.0,0.0,0.0
2021-06-22,,4059.0,75.0,21.0,1706.0,2257.0,35.0,35836.0,25669.0,,,,10167.0,410.0,1479.0,0.2937010029059545,2047.0,https://ddc.moph.go.th/covid19-dashboard/index.php?dashboard=main,37480.284,0.0,0.0,0.0
2021-06-23,,3174.0,36.0,26.0,720.0,2392.0,51.0,37018.0,25652.0,,,,11366.0,433.0,1526.0,0.2946597157454948,1941.0,https://ddc.moph.go.th/covid19-dashboard/index.php?dashboard=main,39534.712,0.0,0.0,0.0
2021-06-24,,4108.0,229.0,14.0,1027.0,2838.0,31.0,39517.0,26197.0,,,,13320.0,445.0,1564.0,0.2914743738712151,1578.0,https://ddc.moph.go.th/covid19-dashboard/index.php?dashboard=main,40040.28499999999,0.0,0.0,0.0
2021-06-25,,3644.0,162.0,31.0,648.0,2803.0,44.0,41366.0,26664.0,,,,14702.0,460.0,1603.0,0.2805373023954431,1751.0,https://ddc.moph.go.th/covid19-dashboard/index.php?dashboard=main,40670.431,0.0,0.0,0.0
2021-06-26,,4160.0,72.0,19.0,1033.0,3036.0,51.0,41907.0,26287.0,,,,15620.0,470.0,1662.0,0.2790651707914592,3569.0,https://ddc.moph.go.th/covid19-dashboard/index.php?dashboard=main,42027.56999999999,0.0,0.0,0.0
2021-06-27,,3996.0,45.0,35.0,1351.0,2565.0,42.0,43607.0,26448.0,,,,17159.0,489.0,1725.0,0.2730286427903073,2253.0,https://ddc.moph.go.th/covid19-dashboard/index.php?dashboard=main,43208.430000000015,0.0,0.0,0.0
2021-06-28,,5406.0,9.0,18.0,1622.0,3757.0,22.0,45648.0,26262.0,,,,19386.0,510.0,1806.0,0.2559874716023907,3343.0,https://ddc.moph.go.th/covid19-dashboard/index.php?dashboard=main,44903.42800000002,0.0,0.0,0.0
2021-06-29,,4662.0,10.0,28.0,941.0,3683.0,36.0,47481.0,26749.0,,,,20732.0,527.0,1846.0,0.2308634983815115,2793.0,https://ddc.moph.go.th/covid19-dashboard/index.php?dashboard=main,46243.14399999999,0.0,0.0,0.0
2021-06-30,,4786.0,127.0,9.0,1347.0,3303.0,53.0,49799.0,27329.0,,,,22470.0,556.0,1911.0,0.1953245935522215,2415.0,https://ddc.moph.go.th/covid19-dashboard/index.php?dashboard=main,48001.43099999999,0.0,0.0,0.0
2021-07-01,,5533.0,44.0,12.0,1689.0,3788.0,57.0,52052.0,27598.0,,,,24454.0,566.0,1971.0,0.1777125514883459,3223.0,https://ddc.moph.go.th/covid19-dashboard/index.php?dashboard=main,50063.99900000001,0.0,0.0,0.0
2021-07-02,,6087.0,207.0,11.0,1964.0,3905.0,61.0,54440.0,28415.0,,,,26025.0,579.0,2002.0,0.1525059876991062,3638.0,https://ddc.moph.go.th/covid19-dashboard/index.php?dashboard=main,52397.004999999976,0.0,0.0,0.0
2021-07-03,,6230.0,294.0,4.0,1520.0,4412.0,41.0,57470.0,28931.0,,,,28539.0,589.0,2045.0,0.1309615187474781,3159.0,https://ddc.moph.go.th/covid19-dashboard/index.php?dashboard=main,54178.43399999995,0.0,0.0,0.0
2021-07-04,,5916.0,39.0,6.0,1799.0,4072.0,44.0,59938.0,29793.0,,,,30145.0,616.0,2147.0,0.1220904263846882,3404.0,https://ddc.moph.go.th/covid19-dashboard/index.php?dashboard=main,,0.0,0.0,0.0
2021-07-05,,6166.0,84.0,12.0,2106.0,3964.0,50.0,63520.0,31460.0,,,,32060.0,603.0,2199.0,0.1140241858009239,2534.0,https://ddc.moph.go.th/covid19-dashboard/index.php?dashboard=main,48062.07000000001,0.0,0.0,0.0
2021-07-06,,5420.0,37.0,8.0,1305.0,4070.0,57.0,65297.0,32391.0,,,,32906.0,643.0,2350.0,0.1301036720579725,3586.0,https://ddc.moph.go.th/covid19-dashboard/index.php?dashboard=main,50292.42700000001,0.0,0.0,0.0
2021-07-07,,6519.0,55.0,16.0,1488.0,4960.0,54.0,67614.0,33623.0,,,,33991.0,676.0,2496.0,0.1446124846992279,4148.0,https://ddc.moph.go.th/covid19-dashboard/index.php?dashboard=main,51970.64899999996,0.0,0.0,0.0
2021-07-08,,7058.0,68.0,9.0,1731.0,5250.0,75.0,69619.0,33979.0,,,,35640.0,698.0,2564.0,0.1528717650405498,4978.0,https://ddc.moph.go.th/covid19-dashboard/index.php?dashboard=main,64190.140000000014,0.0,0.0,0.0
2021-07-09,1904.0,9276.0,278.0,23.0,2651.0,6324.0,72.0,74895.0,35655.0,25750.0,70288.0,4982.0,39240.0,701.0,2685.0,0.1577774362055442,3928.0,https://ddc.moph.go.th/covid19-dashboard/index.php?dashboard=main,64199.85800000003,0.0,0.0,0.0
2021-07-10,1945.0,9326.0,341.0,17.0,1275.0,12770.0,91.0,141642.0,101148.0,23951.0,72007.0,5190.0,40494.0,915.0,4330.0,0.1625264208283406,15610.0,https://ddc.moph.go.th/covid19-dashboard/index.php?dashboard=main,65972.42900000002,0.0,0.0,0.0
2021-07-11,,9539.0,103.0,18.0,2305.0,7113.0,86.0,85689.0,38214.0,,,,47475.0,728.0,2783.0,0.1628259253092607,4053.0,https://ddc.moph.go.th/covid19-dashboard/index.php?dashboard=main,67273.28399999999,0.0,0.0,0.0
2021-07-12,,8656.0,73.0,24.0,2515.0,6044.0,80.0,90578.0,39290.0,,,,51288.0,747.0,2895.0,0.1655037580120437,3687.0,https://ddc.moph.go.th/covid19-dashboard/index.php?dashboard=main,66746.71599999997,0.0,0.0,0.0
2021-07-13,,8685.0,146.0,12.0,2501.0,6026.0,56.0,95410.0,41791.0,,,,53619.0,794.0,3042.0,0.1541801951809517,3797.0,https://ddc.moph.go.th/covid19-dashboard/index.php?dashboard=main,65236.14200000002,0.0,0.0,0.0
2021-07-14,,9317.0,129.0,8.0,2021.0,7159.0,87.0,99511.0,43454.0,,,,56057.0,828.0,3201.0,0.1450449557020504,5129.0,https://ddc.moph.go.th/covid19-dashboard/index.php?dashboard=main,64978.42500000001,0.0,0.0,0.0
2021-07-15,,9186.0,79.0,22.0,1604.0,7481.0,98.0,103056.0,44474.0,,,,58582.0,839.0,3276.0,0.1395822707476409,5543.0,https://ddc.moph.go.th/covid19-dashboard/index.php?dashboard=main,63431.71100000006,0.0,0.0,0.0
2021-07-16,,9692.0,615.0,15.0,2330.0,6732.0,67.0,106951.0,46113.0,,,,60838.0,847.0,3367.0,0.1404482278768331,5730.0,https://ddc.moph.go.th/covid19-dashboard/index.php?dashboard=main,63762.71799999995,0.0,0.0,0.0
2021-07-17,,10082.0,127.0,42.0,2470.0,7443.0,141.0,110565.0,47023.0,,,,63542.0,839.0,3454.0,0.1398540800471956,6327.0,https://ddc.moph.go.th/covid19-dashboard/index.php?dashboard=main,62405.57299999999,0.0,0.0,0.0
2021-07-18,,11397.0,318.0,9.0,2400.0,8670.0,101.0,116135.0,48300.0,,,,67835.0,846.0,3464.0,0.1461171605767245,5726.0,https://ddc.moph.go.th/covid19-dashboard/index.php?dashboard=main,63033.288999999975,0.0,0.0,0.0
2021-07-19,,11784.0,100.0,10.0,2677.0,8997.0,81.0,122097.0,50462.0,,,,71635.0,856.0,3595.0,0.1508893977426104,5741.0,https://ddc.moph.go.th/covid19-dashboard/index.php?dashboard=main,63391.431,11067518.0,3479726.0,0.0
2021-07-20,,11305.0,595.0,14.0,2097.0,8599.0,80.0,126765.0,53174.0,,,,73591.0,885.0,3711.0,0.1565829125579735,6557.0,https://ddc.moph.go.th/covid19-dashboard/index.php?dashboard=main,64245.0,11292579.0,3512541.0,0.0
2021-07-21,,13002.0,1049.0,31.0,2910.0,9012.0,108.0,131411.0,57243.0,,,,74168.0,879.0,3786.0,0.1853066950397075,8248.0,https://ddc.moph.go.th/covid19-dashboard/index.php?dashboard=main,65676.429,11538866.0,3545830.0,0.0
2021-07-22,,13655.0,545.0,11.0,3845.0,9254.0,87.0,137058.0,58861.0,,,,78197.0,889.0,3856.0,0.197564334774526,7921.0,https://ddc.moph.go.th/covid19-dashboard/index.php?dashboard=main,67099.287,11805180.0,3583759.0,0.0
2021-07-23,,14575.0,1072.0,13.0,3601.0,9889.0,114.0,143744.0,61936.0,,,,81808.0,900.0,3984.0,0.204123106614878,7775.0,https://ddc.moph.go.th/covid19-dashboard/index.php?dashboard=main,67584.43,12109424.0,3632394.0,0.0
2021-07-24,,14260.0,655.0,12.0,3882.0,9711.0,119.0,150248.0,64203.0,,,,86045.0,939.0,4099.0,0.2170603368926291,7637.0,https://ddc.moph.go.th/covid19-dashboard/index.php?dashboard=main,67374.14199999999,12226845.0,3642999.0,0.0
2021-07-25,,15335.0,641.0,19.0,2916.0,11759.0,129.0,158550.0,67501.0,,,,91049.0,961.0,4151.0,0.2329860488337061,6904.0,https://ddc.moph.go.th/covid19-dashboard/index.php?dashboard=main,70177.57399999998,12307788.0,3652990.0,0.0
2021-07-26,,15376.0,1041.0,14.0,3257.0,11064.0,87.0,167057.0,71019.0,,,,96038.0,967.0,4289.0,0.2425061062942893,6782.0,https://ddc.moph.go.th/covid19-dashboard/index.php?dashboard=main,69322.99799999999,12429925.0,3669745.0,0.0
2021-07-27,,14150.0,245.0,39.0,3459.0,10407.0,118.0,171921.0,102354.0,,,,69567.0,954.0,4284.0,0.2506542103002004,9168.0,https://ddc.moph.go.th/covid19-dashboard/index.php?dashboard=main,67473.57300000003,12714312.0,3712747.0,0.0
2021-07-28,,16533.0,202.0,10.0,2874.0,13447.0,133.0,178270.0,111186.0,,,,67084.0,995.0,4325.0,0.2432914538431691,10051.0,https://ddc.moph.go.th/covid19-dashboard/index.php?dashboard=main,64060.57000000001,12858570.0,3732759.0,0.0
2021-07-29,,17669.0,261.0,17.0,2609.0,14782.0,165.0,185976.0,116824.0,,,,69152.0,1001.0,4511.0,0.2608261256922954,9798.0,https://ddc.moph.go.th/covid19-dashboard/index.php?dashboard=main,63658.57199999997,13225233.0,3786244.0,0.0
2021-07-30,,17345.0,681.0,8.0,3833.0,12823.0,117.0,192526.0,118294.0,,,,74232.0,1012.0,4595.0,0.2683009961428933,10678.0,https://ddc.moph.go.th/covid19-dashboard/index.php?dashboard=main,63572.004,13640179.0,3851453.0,0.0
2021-07-31,2266.0,18912.0,810.0,10.0,4750.0,13342.0,178.0,200510.0,126313.0,,,,74197.0,1032.0,4691.0,0.2692644555689327,10750.0,https://ddc.moph.go.th/covid19-dashboard/index.php?dashboard=main,63622.003,13802916.0,3883058.0,0.0
2021-08-01,734.0,18027.0,374.0,2.0,2514.0,15137.0,133.0,205002.0,130900.0,,,,74102.0,1044.0,4765.0,0.259875316157713,13402.0,https://ddc.moph.go.th/covid19-dashboard/index.php?dashboard=main,60801.14199999999,13955087.0,3911439.0,0.0
2021-08-02,365.0,17970.0,175.0,11.0,4217.0,13567.0,178.0,208875.0,133170.0,,,,75705.0,1028.0,4768.0,0.2575965206590291,13919.0,https://ddc.moph.go.th/covid19-dashboard/index.php?dashboard=main,62199.99900000002,14207477.0,3991348.0,0.0
2021-08-03,2470.0,18901.0,743.0,7.0,2975.0,15176.0,147.0,209039.0,136311.0,,,,72728.0,1046.0,4893.0,0.2626685397179709,18590.0,https://ddc.moph.go.th/covid19-dashboard/index.php?dashboard=main,64112.56999999999,14492385.0,4085711.0,0.0
2021-08-04,522.0,20200.0,187.0,21.0,3708.0,16284.0,188.0,211076.0,139130.0,,,,71946.0,1035.0,4910.0,0.2625013543341727,17975.0,https://ddc.moph.go.th/covid19-dashboard/index.php?dashboard=main,65447.003,14783001.0,4178702.0,0.0
2021-08-05,4009.0,20920.0,262.0,8.0,3338.0,17312.0,160.0,213910.0,126760.0,,,,87150.0,1058.0,4993.0,0.2525763128475483,17926.0,https://ddc.moph.go.th/covid19-dashboard/index.php?dashboard=main,65353.139000000025,15180276.0,4277071.0,175190.0
2021-08-06,1444.0,21379.0,484.0,10.0,4073.0,16812.0,191.0,212926.0,127896.0,,,,85030.0,1038.0,4999.0,0.2522785663025132,22172.0,https://ddc.moph.go.th/covid19-dashboard/index.php?dashboard=main,65808.99500000001,15687291.0,4406723.0,186094.0
2021-08-07,6026.0,21838.0,923.0,4.0,3751.0,17160.0,212.0,213444.0,134671.0,,,,78773.0,1060.0,5159.0,0.2531189785956496,21108.0,https://ddc.moph.go.th/covid19-dashboard/index.php?dashboard=main,65511.423,15843283.0,4438168.0,197184.0
2021-08-08,2577.0,19983.0,350.0,6.0,2847.0,16780.0,138.0,214786.0,140820.0,59466.0,71965.0,9389.0,73966.0,1070.0,5157.0,0.2505108393779673,18503.0,https://ddc.moph.go.th/covid19-dashboard/index.php?dashboard=main,65080.427,15986354.0,4461861.0,221565.0
2021-08-09,958.0,19603.0,313.0,12.0,3159.0,16119.0,149.0,214421.0,145526.0,62942.0,73491.0,9093.0,68895.0,1084.0,5218.0,0.2515967124406994,19819.0,https://ddc.moph.go.th/covid19-dashboard/index.php?dashboard=main,65134.56999999998,16336743.0,4566345.0,268022.0
2021-08-10,548.0,19843.0,398.0,21.0,4592.0,14832.0,235.0,211223.0,148506.0,64537.0,75214.0,8755.0,62717.0,1106.0,5450.0,0.2512502051886609,22806.0,https://ddc.moph.go.th/covid19-dashboard/index.php?dashboard=main,64608.56900000002,16701428.0,4692030.0,324496.0
2021-08-11,2081.0,21038.0,173.0,19.0,4382.0,16464.0,207.0,210042.0,148658.0,65607.0,74681.0,8370.0,61384.0,1094.0,5407.0,0.2494483890306714,22012.0,https://ddc.moph.go.th/covid19-dashboard/index.php?dashboard=main,63595.42800000001,17068105.0,4826641.0,394073.0
2021-08-12,3673.0,22782.0,375.0,8.0,2426.0,19973.0,147.0,209028.0,148901.0,68335.0,73160.0,7406.0,60127.0,1103.0,5495.0,0.2492148624283723,23649.0,https://ddc.moph.go.th/covid19-dashboard/index.php?dashboard=main,60347.143,17239593.0,4855000.0,414066.0
2021-08-13,1523.0,23418.0,388.0,9.0,5379.0,17642.0,184.0,212179.0,150880.0,68485.0,74939.0,7456.0,61299.0,1111.0,5565.0,0.2473729636636225,20083.0,https://ddc.moph.go.th/covid19-dashboard/index.php?dashboard=main,58859.425000000025,17696114.0,5033568.0,462809.0
2021-08-14,4716.0,22086.0,270.0,3.0,4407.0,17406.0,217.0,210376.0,151350.0,69390.0,74933.0,7027.0,59026.0,1151.0,5590.0,0.2449776484642469,23672.0,https://ddc.moph.go.th/covid19-dashboard/index.php?dashboard=main,59419.42899999998,17879206.0,5073672.0,476744.0
2021-08-15,1586.0,21882.0,245.0,6.0,3132.0,18499.0,209.0,210943.0,153023.0,73262.0,73262.0,6499.0,57920.0,1172.0,5615.0,0.2443641826953226,21106.0,https://ddc.moph.go.th/covid19-dashboard/index.php?dashboard=main,59189.57099999997,17996826.0,5109476.0,485831.0
2021-08-16,803.0,21157.0,658.0,6.0,3630.0,16863.0,182.0,210934.0,154992.0,73006.0,74406.0,7580.0,55942.0,1161.0,5626.0,0.2379688713097706,20984.0,https://ddc.moph.go.th/covid19-dashboard/index.php?dashboard=main,58080.571,18370997.0,5228157.0,501477.0
2021-08-17,2102.0,20128.0,272.0,10.0,3497.0,16349.0,239.0,210032.0,155093.0,73840.0,74103.0,7150.0,54939.0,1169.0,5536.0,0.2352355458807095,20791.0,https://ddc.moph.go.th/covid19-dashboard/index.php?dashboard=main,56509.42999999996,18726405.0,5381676.0,510668.0
2021-08-18,7210.0,20515.0,248.0,17.0,3730.0,16520.0,312.0,207553.0,156002.0,74165.0,75155.0,6682.0,51551.0,1155.0,5458.0,0.232936752014149,22682.0,https://ddc.moph.go.th/covid19-dashboard/index.php?dashboard=main,55959.00199999998,19143574.0,5503882.0,519604.0
2021-08-19,2841.0,20902.0,148.0,24.0,3845.0,16885.0,301.0,205946.0,157051.0,73888.0,76790.0,6373.0,48895.0,1168.0,5439.0,0.2254726082571817,22208.0,https://ddc.moph.go.th/covid19-dashboard/index.php?dashboard=main,57841.42900000001,19586009.0,5705200.0,527457.0
2021-08-20,1772.0,19851.0,325.0,10.0,3391.0,16125.0,240.0,205079.0,159056.0,74854.0,78445.0,5757.0,46023.0,1161.0,5388.0,0.2185068726378206,20478.0,https://ddc.moph.go.th/covid19-dashboard/index.php?dashboard=main,59028.282,19973692.0,5920614.0,533795.0
2021-08-21,7094.0,20571.0,235.0,14.0,2748.0,17574.0,261.0,202230.0,157169.0,75244.0,76669.0,5256.0,45061.0,1123.0,5171.0,0.2135242620952573,23159.0,https://ddc.moph.go.th/covid19-dashboard/index.php?dashboard=main,56565.712000000014,20272171.0,6017820.0,542188.0
2021-08-22,2039.0,19014.0,196.0,10.0,2380.0,16428.0,233.0,200339.0,159512.0,76728.0,77685.0,5099.0,40827.0,1117.0,5239.0,0.2101322843249457,20672.0,https://ddc.moph.go.th/covid19-dashboard/index.php?dashboard=main,55299.14599999999,20430028.0,6065003.0,543968.0
2021-08-23,901.0,17491.0,398.0,7.0,2072.0,15014.0,242.0,195454.0,160396.0,77289.0,78156.0,4951.0,35058.0,1094.0,5290.0,0.208276056164495,22134.0,https://ddc.moph.go.th/covid19-dashboard/index.php?dashboard=main,55000.572999999975,20830673.0,6230511.0,551261.0
2021-08-24,314.0,17165.0,192.0,3.0,1743.0,15227.0,226.0,192334.0,161404.0,78025.0,79144.0,4235.0,30930.0,1095.0,5229.0,0.2008211125390724,20059.0,https://ddc.moph.go.th/covid19-dashboard/index.php?dashboard=main,55280.28799999999,21231498.0,6405537.0,560624.0
2021-08-25,1185.0,18417.0,146.0,10.0,2308.0,15953.0,297.0,189268.0,161577.0,79222.0,78247.0,4108.0,27691.0,1096.0,5189.0,0.1940426307341933,21186.0,https://ddc.moph.go.th/covid19-dashboard/index.php?dashboard=main,55785.43,21669955.0,6596785.0,568840.0
2021-08-26,2339.0,18501.0,139.0,12.0,2406.0,15944.0,229.0,186934.0,161280.0,79395.0,77994.0,3891.0,25654.0,1090.0,5174.0,0.1868648616488142,20606.0,https://ddc.moph.go.th/covid19-dashboard/index.php?dashboard=main,55414.86299999997,22070573.0,6860084.0,574112.0
2021-08-27,5066.0,18702.0,342.0,9.0,1674.0,16677.0,273.0,185200.0,162672.0,80012.0,78574.0,4086.0,22528.0,1082.0,5154.0,0.1841606230043803,20163.0,https://ddc.moph.go.th/covid19-dashboard/index.php?dashboard=main,53248.99799999999,22617701.0,7221368.0,581438.0
2021-08-28,2535.0,17984.0,324.0,7.0,2094.0,15559.0,292.0,182357.0,163195.0,80248.0,78937.0,4010.0,19162.0,1069.0,5109.0,0.181512935576235,20535.0,https://ddc.moph.go.th/covid19-dashboard/index.php?dashboard=main,52769.57300000001,22807078.0,7287885.0,584326.0
2021-08-29,2670.0,16536.0,328.0,8.0,2306.0,13894.0,264.0,177702.0,162129.0,79327.0,78692.0,4110.0,15573.0,1067.0,5093.0,0.1824583202256678,20927.0,https://ddc.moph.go.th/covid19-dashboard/index.php?dashboard=main,51416.56899999998,23018371.0,7350348.0,585758.0
2021-08-30,2028.0,15972.0,280.0,11.0,1544.0,14137.0,256.0,176137.0,161434.0,78788.0,78382.0,4264.0,14703.0,1062.0,5058.0,0.179145244728217,17281.0,https://ddc.moph.go.th/covid19-dashboard/index.php?dashboard=main,51289.571,23401465.0,7780973.0,589381.0
2021-08-31,866.0,14666.0,304.0,7.0,2012.0,12343.0,190.0,171368.0,157060.0,76605.0,76755.0,3700.0,14308.0,1042.0,5003.0,0.1741840108277598,19245.0,https://ddc.moph.go.th/covid19-dashboard/index.php?dashboard=main,51192.71499999999,23795098.0,8212750.0,592153.0
2021-09-01,1880.0,14802.0,217.0,5.0,1688.0,12892.0,252.0,166922.0,142761.0,64079.0,75659.0,3023.0,24161.0,1040.0,4917.0,0.1734675629368715,18996.0,https://ddc.moph.go.th/covid19-dashboard/index.php?dashboard=main,49203.287,24147532.0,8684695.0,595236.0
2021-09-02,2718.0,14956.0,356.0,17.0,2222.0,12361.0,262.0,163680.0,140367.0,62179.0,75328.0,2860.0,23313.0,1030.0,4841.0,0.174763909262595,17936.0,https://ddc.moph.go.th/covid19-dashboard/index.php?dashboard=main,47832.714,24542140.0,9152799.0,597598.0
2021-09-03,2327.0,14653.0,256.0,2.0,1235.0,13160.0,271.0,159800.0,122030.0,44486.0,75041.0,2503.0,37770.0,1011.0,4740.0,0.1750043535291404,18262.0,https://ddc.moph.go.th/covid19-dashboard/index.php?dashboard=main,48397.99399999999,24918054.0,9698842.0,601268.0
2021-09-04,2407.0,15942.0,277.0,6.0,2110.0,13549.0,257.0,155134.0,112886.0,39731.0,70752.0,2403.0,42248.0,1004.0,4741.0,0.176934746331833,20351.0,https://ddc.moph.go.th/covid19-dashboard/index.php?dashboard=main,48358.28400000004,25104942.0,9879371.0,603363.0
2021-09-05,4966.0,15452.0,468.0,28.0,1688.0,13268.0,224.0,152105.0,107770.0,33454.0,71526.0,2790.0,44335.0,1008.0,4682.0,0.1779132520568476,18257.0,https://ddc.moph.go.th/covid19-dashboard/index.php?dashboard=main,48645.567000000025,25234259.0,10074612.0,604023.0
2021-09-06,2404.0,13988.0,444.0,17.0,1966.0,11561.0,187.0,148622.0,103668.0,30156.0,70462.0,3050.0,44954.0,1013.0,4601.0,0.1782485690344067,17284.0,https://ddc.moph.go.th/covid19-dashboard/index.php?dashboard=main,0.0,25554456.0,10475325.0,605490.0
2021-09-07,1904.0,13821.0,631.0,9.0,2955.0,12436.0,241.0,143038.0,101020.0,25750.0,70288.0,4982.0,42018.0,940.0,4364.0,0.1801159545259087,16737.0,https://ddc.moph.go.th/covid19-dashboard/index.php?dashboard=main,,25954106.0,10900001.0,607177.0
2021-09-08,1904.0,14176.0,631.0,9.0,2955.0,26403.0,228.0,143038.0,101020.0,25750.0,70288.0,4982.0,42018.0,940.0,4364.0,0.1811416508362496,16769.0,https://ddc.moph.go.th/covid19-dashboard/index.php?dashboard=main,,26292211.0,11272593.0,609934.0
2021-09-09,1904.0,16031.0,631.0,9.0,2955.0,12436.0,220.0,143038.0,101020.0,25750.0,70288.0,4982.0,42018.0,940.0,4364.0,0.1811746721570325,15417.0,https://ddc.moph.go.th/covid19-dashboard/index.php?dashboard=main,,26631261.0,11630996.0,611102.0
2021-09-10,1945.0,14403.0,341.0,17.0,1275.0,12770.0,189.0,141642.0,101148.0,23951.0,72007.0,5190.0,40494.0,915.0,4330.0,0.1823853355784732,15610.0,https://ddc.moph.go.th/covid19-dashboard/index.php?dashboard=main,,26954546.0,12063643.0,613673.0
2021-09-11,2534.0,15191.0,726.0,6.0,1812.0,12647.0,253.0,137859.0,97819.0,22792.0,69694.0,5333.0,40040.0,875.0,4168.0,0.1751543087949405,18721.0,https://ddc.moph.go.th/covid19-dashboard/index.php?dashboard=main,,27194487.0,12251011.0,813009.0
2021-09-12,2534.0,14029.0,726.0,6.0,1812.0,12647.0,180.0,137859.0,97819.0,22792.0,69694.0,5333.0,40040.0,875.0,4168.0,0.1699565027969527,15742.0,https://ddc.moph.go.th/covid19-dashboard/index.php?dashboard=main,,27303700.0,12357581.0,818538.0
2021-09-13,6436.0,12583.0,163.0,11.0,1177.0,11232.0,132.0,132113.0,94067.0,20483.0,67869.0,5715.0,38046.0,835.0,4096.0,0.1689657643554815,16304.0,https://ddc.moph.go.th/covid19-dashboard/index.php?dashboard=main,,27540743.0,12795707.0,843006.0
2021-09-14,783.0,11786.0,271.0,5.0,1165.0,10345.0,136.0,129025.0,91742.0,18673.0,67390.0,5679.0,37283.0,818.0,4080.0,0.1649418287441836,14738.0,https://ddc.moph.go.th/covid19-dashboard/index.php?dashboard=main,,27769095.0,13260456.0,856095.0
2021-09-15,1216.0,13798.0,451.0,22.0,1208.0,12117.0,144.0,128546.0,87363.0,15672.0,65959.0,5732.0,41183.0,806.0,3994.0,0.1568742005818008,14133.0,https://ddc.moph.go.th/covid19-dashboard/index.php?dashboard=main,,28085202.0,13773184.0,874643.0
2021-09-16,1768.0,13897.0,394.0,9.0,1697.0,11797.0,188.0,128728.0,86019.0,13913.0,66422.0,5684.0,42709.0,788.0,3911.0,0.1518839417563032,13527.0,https://ddc.moph.go.th/covid19-dashboard/index.php?dashboard=main,,28436015.0,14285995.0,894886.0
2021-09-17,1630.0,14555.0,790.0,9.0,1156.0,12600.0,171.0,129421.0,84982.0,13382.0,65630.0,5970.0,44439.0,787.0,3851.0,0.1466057825505939,13691.0,https://ddc.moph.go.th/covid19-dashboard/index.php?dashboard=main,,28611321.0,14657681.0,908474.0
2021-09-18,3117.0,14109.0,854.0,6.0,1357.0,11892.0,122.0,130128.0,84857.0,12650.0,65736.0,6471.0,45271.0,760.0,3701.0,0.145864419729358,13280.0,https://ddc.moph.go.th/covid19-dashboard/index.php?dashboard=main,,28893133.0,14971317.0,915967.0
2021-09-19,2509.0,13576.0,395.0,13.0,1120.0,12048.0,117.0,131095.0,86051.0,13633.0,66210.0,6208.0,45044.0,768.0,3646.0,0.1443544777433162,12492.0,https://ddc.moph.go.th/covid19-dashboard/index.php?dashboard=main,,29002572.0,15118015.0,754199.0
2021-09-20,1723.0,12709.0,858.0,11.0,878.0,10962.0,106.0,132573.0,88607.0,14913.0,67063.0,6631.0,43966.0,773.0,3582.0,0.1411758263394013,11125.0,https://ddc.moph.go.th/covid19-dashboard/index.php?dashboard=main,,29201077.0,15388071.0,939028.0
2021-09-21,6593.0,10919.0,422.0,7.0,644.0,9846.0,143.0,131655.0,89747.0,14969.0,68084.0,6694.0,41908.0,759.0,3548.0,0.1366785416719418,11694.0,https://ddc.moph.go.th/covid19-dashboard/index.php?dashboard=main,,29501110.0,15899158.0,954449.0
2021-09-22,2062.0,11252.0,28.0,17.0,1391.0,9816.0,141.0,129071.0,87983.0,14643.0,67026.0,6314.0,41088.0,753.0,3464.0,0.1316707894082012,13695.0,https://ddc.moph.go.th/covid19-dashboard/index.php?dashboard=main,,29741899.0,16303999.0,968830.0
2021-09-23,3088.0,13256.0,478.0,15.0,2143.0,10620.0,131.0,128367.0,86778.0,14474.0,66163.0,6141.0,41589.0,747.0,3422.0,0.1321196339114612,13829.0,https://ddc.moph.go.th/covid19-dashboard/index.php?dashboard=main,,29998440.0,16673867.0,988494.0
2021-09-24,3469.0,12697.0,170.0,11.0,1203.0,11313.0,132.0,127392.0,86374.0,14018.0,66317.0,6039.0,41018.0,743.0,3377.0,0.1363393492019749,13540.0,https://ddc.moph.go.th/covid19-dashboard/index.php?dashboard=main,,30290450.0,17126960.0,1009289.0
2021-09-25,2370.0,11975.0,92.0,19.0,1213.0,10651.0,127.0,124540.0,86733.0,14541.0,66470.0,5722.0,37807.0,729.0,3323.0,0.1402234497692577,14700.0,https://ddc.moph.go.th/covid19-dashboard/index.php?dashboard=main,,30524637.0,17329828.0,989048.0
2021-09-26,1759.0,12353.0,532.0,12.0,1000.0,10809.0,125.0,122463.0,87412.0,15023.0,66357.0,6032.0,35051.0,724.0,3324.0,0.1424726682853397,14305.0,https://ddc.moph.go.th/covid19-dashboard/index.php?dashboard=main,,31010187.0,17508267.0,1064175.0
2021-09-27,2306.0,10288.0,127.0,12.0,969.0,9180.0,101.0,120156.0,86397.0,14966.0,65469.0,5962.0,33759.0,728.0,3341.0,0.1389053341384665,12494.0,https://ddc.moph.go.th/covid19-dashboard/index.php?dashboard=main,,31333089.0,17676034.0,1131570.0
2021-09-28,6855.0,9489.0,269.0,10.0,387.0,8823.0,129.0,116711.0,82912.0,13582.0,63752.0,5578.0,33799.0,738.0,3283.0,0.1394141853524941,12805.0,https://ddc.moph.go.th/covid19-dashboard/index.php?dashboard=main,,31582548.0,18098882.0,1186068.0
2021-09-29,5100.0,10414.0,178.0,10.0,1182.0,9044.0,122.0,115423.0,79795.0,12796.0,61486.0,5513.0,35628.0,729.0,3232.0,,11580.0,https://ddc.moph.go.th/covid19-dashboard/index.php?dashboard=main,,31785716.0,18486111.0,1224257.0
2021-09-30,3326.0,11646.0,120.0,18.0,1249.0,10259.0,107.0,116075.0,77953.0,11371.0,61405.0,5177.0,38122.0,717.0,3175.0,,10887.0,https://ddc.moph.go.th/covid19-dashboard/index.php?dashboard=main,,32577832.0,19838574.0,1368406.0
2021-10-01,5150.0,11754.0,501.0,11.0,1244.0,9998.0,123.0,115233.0,75942.0,10445.0,61139.0,4358.0,39291.0,709.0,3144.0,,12473.0,https://ddc.moph.go.th/covid19-dashboard/index.php?dashboard=main,,,,
2021-10-02,2906.0,11375.0,184.0,17.0,929.0,10245.0,87.0,113394.0,74529.0,10047.0,60521.0,3961.0,38865.0,725.0,3124.0,,13127.0,https://ddc.moph.go.th/covid19-dashboard/index.php?dashboard=main,,,,
